{
  "lang":"en",
  "name":"pipeline",
  "version":"0.0.0",
  "spacy_version":">=3.7.2,<3.8.0",
  "description":"",
  "author":"",
  "email":"",
  "url":"",
  "license":"",
  "spacy_git_version":"a89eae928",
  "vectors":{
    "width":0,
    "vectors":0,
    "keys":0,
    "name":null,
    "mode":"default"
  },
  "labels":{
    "tok2vec":[

    ],
    "ner":[
      "COLOR",
      "FOOD",
      "PART",
      "PHYSICAL_QUALITY",
      "PROCESS",
      "PURPOSE",
      "QUANTITY",
      "TASTE",
      "UNIT"
    ]
  },
  "pipeline":[
    "tok2vec",
    "ner"
  ],
  "components":[
    "tok2vec",
    "ner"
  ],
  "disabled":[

  ],
  "performance":{
    "ents_f":0.999251665,
    "ents_p":0.9991768931,
    "ents_r":0.9993264481,
    "ents_per_type":{
      "QUANTITY":{
        "p":0.9997354497,
        "r":0.9997354497,
        "f":0.9997354497
      },
      "UNIT":{
        "p":0.9993698803,
        "r":1.0,
        "f":0.9996848408
      },
      "FOOD":{
        "p":0.9992539169,
        "r":0.9995024876,
        "f":0.9993781868
      },
      "PROCESS":{
        "p":1.0,
        "r":0.9990834097,
        "f":0.9995414947
      },
      "PHYSICAL_QUALITY":{
        "p":0.9962168979,
        "r":0.9962168979,
        "f":0.9962168979
      },
      "PART":{
        "p":0.9818181818,
        "r":0.9818181818,
        "f":0.9818181818
      },
      "PURPOSE":{
        "p":0.9893617021,
        "r":0.9893617021,
        "f":0.9893617021
      },
      "TASTE":{
        "p":1.0,
        "r":1.0,
        "f":1.0
      },
      "COLOR":{
        "p":1.0,
        "r":1.0,
        "f":1.0
      }
    },
    "tok2vec_loss":1110.4781090976,
    "ner_loss":245.1174451298
  }
}